<?xml version="1.0" ?>
<LOG_ROOT>
	<PROJECT NAME="regs">
		<CBX_INST_ENTRY INSTANCE_NAME="|test|lpm_mux3:inst3|lpm_mux:lpm_mux_component" CBX_FILE_NAME="mux_irc.tdf"/>
		<CBX_INST_ENTRY INSTANCE_NAME="|test|lpm_mux4:inst6|lpm_mux:lpm_mux_component" CBX_FILE_NAME="mux_irc.tdf"/>
		<CBX_INST_ENTRY INSTANCE_NAME="|test|regs:inst15|lpm_mux6:inst1|lpm_mux:lpm_mux_component" CBX_FILE_NAME="mux_9tc.tdf"/>
		<CBX_INST_ENTRY INSTANCE_NAME="|test|cpu_zsh:inst10|lpm_add_sub0:inst2|lpm_add_sub:lpm_add_sub_component" CBX_FILE_NAME="add_sub_msh.tdf"/>
		<CBX_INST_ENTRY INSTANCE_NAME="|test|lpm_mux4:inst14|lpm_mux:lpm_mux_component" CBX_FILE_NAME="mux_irc.tdf"/>
		<CBX_INST_ENTRY INSTANCE_NAME="|test|lpm_mux5:inst4|lpm_mux:lpm_mux_component" CBX_FILE_NAME="mux_2qc.tdf"/>
		<CBX_INST_ENTRY INSTANCE_NAME="|test|regs:inst15|lpm_mux6:inst2|lpm_mux:lpm_mux_component" CBX_FILE_NAME="mux_9tc.tdf"/>
		<CBX_INST_ENTRY INSTANCE_NAME="|test|cpu_zsh:inst10|lpm_mux2:inst1|lpm_mux:lpm_mux_component" CBX_FILE_NAME="mux_irc.tdf"/>
		<CBX_INST_ENTRY INSTANCE_NAME="|test|lpm_mux4:inst13|lpm_mux:lpm_mux_component" CBX_FILE_NAME="mux_irc.tdf"/>
		<CBX_INST_ENTRY INSTANCE_NAME="|test|storage:inst9|St:inst1|altsyncram:altsyncram_component" CBX_FILE_NAME="altsyncram_2gf2.tdf"/>
		<CBX_INST_ENTRY INSTANCE_NAME="|test|z_ALU:inst12|lpm_add_sub2:inst|lpm_add_sub:lpm_add_sub_component" CBX_FILE_NAME="add_sub_2ph.tdf"/>
		<CBX_INST_ENTRY INSTANCE_NAME="|test|z_ALU:inst12|lpm_mux0:inst6|lpm_mux:lpm_mux_component" CBX_FILE_NAME="mux_irc.tdf"/>
	</PROJECT>
</LOG_ROOT>
